Workbook

Sheet ACTA ACTIVIDADES
B2: FORMATO NOTIFICACIÓN DE MANTENIMIENTO CORRECTIVO DEL CONTRATISTA | N2: MTIC-F40
B9: N° DE CASO: | G9: FECHA:
B10: 1. INFORMACIÓN GENERAL
B11: CONTRATO No. | F11: CONTRATISTA
B12: 1042 de 2020 | F12: COMCEL SA
B13: DEPARTAMENTO | F13: MUNICIPIO | K13: CENTRO POBLADO | N13: SEDE INSTITUCIÓN EDUCATIVA O CASO ESPECIAL
B15: ID BENEFICIARIO | F15: NOMBRE DEL RESPONSABLE (RESPONSABLE DE LA INSTITUCIÓN EDUCATIVA / AUTORIDAD COMPETENTE) | K15: NÚMERO DE CEDULA | N15: NÚMERO DE CONTACTO
B17: CORREO ELECTRÓNICO
B19: 2. EQUIPOS INSTALADOS/RETIRADOS
B20: SAP | C20: Descripción | K20: Cantidad Retirado | N20: Cantidad Instalado
B21: 4059967 | C21: ACCES-POINT PL-E410X00A-RW INDOOR CBNW
B22: 4059968 | C22: ACCES-POINT PL-E510X00A-RW OUTDOOR CBNW
B23: 4059966 | C23: ROUTER RB960PGS 800MHZ CPU128MB RAM MKTK
B24: 4060070 | C24: FUENTE PODER 48V 0.7A PW PLUG MKTK
B25: 4059979 | C25: UPS 9PX1500RT 1500VA/1350W 120VAC EATO
B26: 1052372 | C26: GABINETE EIA-310D IP20 10UR 600X600X478
B27: 4059953 | C27: PDU PSC3-5/1000PV T2+3 IR CPT
B28: 4059959 | C28: UPS 010-150120 ONLINE 360VA/360W UNPW
B29: 4059960 | C29: MODULO 060-81110M MONIT STACK SNMP UNPW
B30: 4059962 | C30: PDU 160-170TVS SUP TRANSIENTE UC=175V GP
B31: 1052375 | C31: RACK METALICO 9U UPS BATERIAS 3RU
B32: 1052377 | C32: KIT PANEL SOLARX4 FOTOVOLTAICO 380W SRPH
... B58: 4060279 | C58: INVERSOR PHOENIX 250VA NEMA 5-15R VCTR
B59: SERIAL EQUIPO/S RETIRADOS E INSTALADOS
B60: SERIAL EQUIPO/S RETIRADOS | J60: SERIAL EQUIPO/S INSTALADOS
B61: SAP | C61: Descripción | F61: SERIAL EQUIPO | J61: SAP | K61: Descripción | N61: SERIAL EQUIPO
C62: =VLOOKUP($B62,$B$21:$J$58,2,FALSE) | K62: =K64
C63: =VLOOKUP($B63,$B$21:$J$58,2,FALSE) | K63: =VLOOKUP($J63,$B$21:$J$58,2,FALSE)
C64: =VLOOKUP($B64,$B$21:$J$58,2,FALSE) | K64: =VLOOKUP($J64,$B$21:$J$58,2,FALSE)
C65: =VLOOKUP($B65,$B$21:$J$58,2,FALSE) | K65: =VLOOKUP($J65,$B$21:$J$58,2,FALSE)
C66: =VLOOKUP($B66,$B$21:$J$58,2,FALSE) | K66: =VLOOKUP($J66,$B$21:$J$58,2,FALSE)
B68: 3. DESCRIPCIÓN DE LA FALLA / HALLAZGOS
B70: 4. DECLARACIÓN
B71: DATOS DE QUIEN ACOMPAÑA EN EL CENTRO DIGITAL (RECTOR, DOCENTE, AUTORIDAD COMPETENTE) | J71: DATOS DE QUIEN REPARA EL SERVICIO EN EL CENTRO DIGITAL
B72: NOMBRES Y APELLIDOS: | J72: NOMBRES Y APELLIDOS:
B73: CARGO: | J73: CARGO:
B74: NÚMERO DE CEDULA: | J74: NÚMERO DE CEDULA:
B75: NÚMERO DE TELÉFONO O CELULAR 1: | J75: NÚMERO DE TELÉFONO O CELULAR:
B76: NÚMERO DE TELÉFONO O CELULAR 2: | J76: CORREO ELECTRÓNICO:
B77: CORREO ELECTRÓNICO: | J77: FIRMA:

Sheet REG FOTOG PRUEBAS NECESARIAS
B2: FORMATO NOTIFICACIÓN DE MANTENIMIENTO CORRECTIVO DEL CONTRATISTA | N2: MTIC-F40
B10: 5. REGISTRO FOTOGRÁFICO
B11: COORDENADAS GEOGRÁFICAS | G11: EQUIPOS WIFI INTERIOR | L11: EQUIPOS WIFI EXTERIOR 1 (AP 1)
B12: Actualice LONGITUD / LATITUD | E12: 10.726259N | F12: 73.392675W | G12: Registro fotográfico de Access Point Interno | L12: Registro fotográfico de Access Point Externo AP1
B13: Captura de las coordenadas geográficas arrojadas por GPS con mínimo 5 cifras decimales
B28: EQUIPOS WIFI EXTERIOR 2 (AP2) SI APLICA | G28: EQUIPOS DE COMPUTO DE LA SEDE CONECTADOS A INTERNET | L28: DISPOSITIVO MÓVIL CONECTADO AL PUNTO DE ACCESO INALÁMBRICO EXTERIOR DEL CENTRO DIGITAL
B29: Registro fotográfico del Access Point Externo 2 | G29: Registro fotográfico de los equipos de computo de la sede conectados al punto de acceso inalámbrico WIFI interior del centro digital, con acceso a internet (ejemplo ping a una pagina o servidor, navegación en paginas como las de un diario digital nacional, donde se evidencie la fechas), entre otras); sugerencia evidenciar que se esta conectado a la señal wifi del Centro Digital. | L29: Registro fotográfico o captura de pantalla de un equipo móvil conectado a la red wifi exterior del centro digital, collage de imágenes donde se evidencie contexto y la segunda evidencie la navegación
B45: SEÑALÉTICA EXTERIOR | G45: SOLUCIÓN DE RESPALDO (4 HORAS) SI APLICA | L45: SEÑALÉTICA INTERIOR
B46: Registro fotográfico de la señalización exterior | G46: Registro fotográfico de la señalización interior | L46: Registro fotográfico de la solución de respaldo, Aplica siempre y cuando no se instale una solución alternativa
B62: PRINT DE SERVIDOR TRIARA CON EVENTO CREADO A UPS | G62: MEDICIÓN ELÉCTRICA 1 | L62: MEDICIÓN ELÉCTRICA 2
B63: Se debe crear un evento en la UPS entrar al servidor TRIARA y tomar el print de pantalla (https://mintictsps.triara.co:9090/) | G63: Si existen variaciones o irregularidades en el suministro eléctrico se debe describir en el campo #3 3. DESCRIIPCIÓN DE LA FALLA | L63: Si existen variaciones o irregularidades en el suministro eléctrico se debe describir en el campo #3 3. DESCRIIPCIÓN DE LA FALLA
B79: NAVEGACIÓN AP INDOOR | G79: NAVEGACIÓN AP OUTDOOR | L79: PRUEBA DE VELOCIDAD
B80: Navegación equipos de computo conectados al AP Indoor - ping www.google.com /n 100 - https://www.whatismyip.com/my-ip-information/?iref=homegb - http://horalegal.inm.gov.co/ | G80: Navegación equipos de computo conectados al AP Outdoor - ping www.faceboock.com /n 100 - https://www.whatismyip.com/my-ip-information/?iref=homegb - http://horalegal.inm.gov.co/ | L80: Navegación equipos de computo velocidad. -Realizar test de velocidad en la página: https://www.claro.com.co/personas/servicios/servicios-moviles/internet-movil/test-de-velocidad/
B96: CONECTIVIDAD PORTAL CAUTIVO | G96: BLOQUEO DE PÁGINAS | L96: BLOQUEO DE PÁGINAS
G97: Bloqueo de paginas pornografía: tomar 2 URL de la lista, ejemplo -http://furl.telmexla.net.co/dignidad.php -http://furl.telmexla.net.co/dignidad.php | L97: Bloqueo de paginas pornografía: tomar 2 URL de la lista, ejemplo -http://furl.telmexla.net.co/dignidad.php -http://furl.telmexla.net.co/dignidad.php
B113: 6. OBSERVACIONES

Sheet REGISTRO FOTOGRÁFICO ANTES
B2: FORMATO NOTIFICACIÓN DE MANTENIMIENTO CORRECTIVO DEL CONTRATISTA | N2: MTIC-F40
B10: 7. REGISTRE ACA LA FOTO DEL SERIAL DE LOS REPUESTOS QUE VA A RETIRAR
B11: SERIAL DEL REPUESTO A RETIRAR # 1 | G11: SERIAL DEL REPUESTO A RETIRAR # 2 | L11: SERIAL DEL REPUESTO A RETIRAR # 3
B12: COD. SAP | G12: COD. SAP | L12: COD. SAP
B13: Descripción | D13: =VLOOKUP(D12,'ACTA ACTIVIDADES'!$B$21:$J$58,2,FALSE) | G13: Descripción | I13: =VLOOKUP(I12,'ACTA ACTIVIDADES'!$B$21:$J$58,2,FALSE) | L13: Descripción | N13: =VLOOKUP(N12,'ACTA ACTIVIDADES'!$B$21:$J$58,2,FALSE)
B14: =D13 | G14: =I13 | L14: =N13
B28: SERIAL DEL REPUESTO A RETIRAR # 4 | G28: SERIAL DEL REPUESTO A RETIRAR # 5 | L28: SERIAL DEL REPUESTO A RETIRAR # 6
B29: COD. SAP | G29: COD. SAP | L29: COD. SAP | N29: Registre aca si no encuentra
B30: Descripción | D30: =VLOOKUP(D29,'ACTA ACTIVIDADES'!$B$21:$J$58,2,FALSE) | G30: Descripción | I30: =VLOOKUP(I29,'ACTA ACTIVIDADES'!$B$21:$J$58,2,FALSE) | L30: Descripción | N30: Registre aca si no encuentra
B31: =D30 | G31: =I30 | L31: =N30
B45: 8. REGISTRO FOTOGRÁFICO OBJETIVO DE LA VISITA
B46: DIAGNÓSTICO OBJETO DE LA VISITA # 1 | G46: DIAGNÓSTICO OBJETO DE LA VISITA # 2 | L46: DIAGNÓSTICO OBJETO DE LA VISITA # 3
B47: Identifique la anomalía principal a corregir luego de hacer el respectivo diagnóstico | G47: Identifique la anomalía adicional a corregir luego de hacer el respectivo diagnóstico | L47: Identifique la anomalía adicional a corregir luego de hacer el respectivo diagnóstico
B63: DIAGNÓSTICO OBJETO DE LA VISITA # 4 | G63: DIAGNÓSTICO OBJETO DE LA VISITA # 5 | L63: DIAGNÓSTICO OBJETO DE LA VISITA # 6
B64: Identifique la anomalía adicional a corregir luego de hacer el respectivo diagnóstico | G64: Identifique la anomalía adicional a corregir luego de hacer el respectivo diagnóstico | L64: Identifique la anomalía adicional a corregir luego de hacer el respectivo diagnóstico
B80: DIAGNÓSTICO OBJETO DE LA VISITA # 7 | G80: DIAGNÓSTICO OBJETO DE LA VISITA # 8 | L80: DIAGNÓSTICO OBJETO DE LA VISITA # 9
B81: Identifique la anomalía adicional a corregir luego de hacer el respectivo diagnóstico | G81: Identifique la anomalía adicional a corregir luego de hacer el respectivo diagnóstico | L81: Identifique la anomalía adicional a corregir luego de hacer el respectivo diagnóstico
B97: DIAGNÓSTICO OBJETO DE LA VISITA # 10 | G97: DIAGNÓSTICO OBJETO DE LA VISITA # 11 | L97: DIAGNÓSTICO OBJETO DE LA VISITA # 12
B98: Identifique la anomalía adicional a corregir luego de hacer el respectivo diagnóstico | G98: Identifique la anomalía adicional a corregir luego de hacer el respectivo diagnóstico | L98: Identifique la anomalía adicional a corregir luego de hacer el respectivo diagnóstico
B114: 9. OBSERVACIONES

Sheet REGISTRO FOTOGRÁFICO DESPÚES
B2: FORMATO NOTIFICACIÓN DE MANTENIMIENTO CORRECTIVO DEL CONTRATISTA | N2: MTIC-F40
B10: 10. REGISTRE ACA LA FOTO DEL SERIAL DE LOS REPUESTOS QUE INSTALÓ DURANTE EL MANTENIMIENTO
B11: SERIAL DEL REPUESTO INSTALADO # 1 | G11: SERIAL DEL REPUESTO INSTALADO # 2 | L11: SERIAL DEL REPUESTO INSTALADO # 3
B12: COD. SAP | D12: ='REGISTRO FOTOGRÁFICO ANTES'!D12 | G12: COD. SAP | I12: ='REGISTRO FOTOGRÁFICO ANTES'!I12 | L12: COD. SAP | N12: ='REGISTRO FOTOGRÁFICO ANTES'!N12
B13: Descripción | D13: =VLOOKUP(D12,'ACTA ACTIVIDADES'!$B$21:$J$58,2,FALSE) | G13: Descripción | I13: =VLOOKUP(I12,'ACTA ACTIVIDADES'!$B$21:$J$58,2,FALSE) | L13: Descripción | N13: =VLOOKUP(N12,'ACTA ACTIVIDADES'!$B$21:$J$58,2,FALSE)
B14: =D13 | G14: =I13 | L14: =N13
B28: SERIAL DEL REPUESTO INSTALADO # 4 | G28: SERIAL DEL REPUESTO INSTALADO # 5 | L28: SERIAL DEL REPUESTO INSTALADO # 6
B29: COD. SAP | D29: ='REGISTRO FOTOGRÁFICO ANTES'!D29 | G29: COD. SAP | I29: ='REGISTRO FOTOGRÁFICO ANTES'!I29 | L29: COD. SAP | N29: ='REGISTRO FOTOGRÁFICO ANTES'!N29
B30: Descripción | D30: =VLOOKUP(D29,'ACTA ACTIVIDADES'!$B$21:$J$58,2,FALSE) | G30: Descripción | I30: =VLOOKUP(I29,'ACTA ACTIVIDADES'!$B$21:$J$58,2,FALSE) | L30: Descripción | N30: ='REGISTRO FOTOGRÁFICO ANTES'!N30
B31: =D30 | G31: =I30 | L31: =N30
B45: 11. REGISTRO FOTOGRÁFICO OBJETIVO DE LA VISITA
B46: DIAGNÓSTICO OBJETO DE LA VISITA # 1 | G46: DIAGNÓSTICO OBJETO DE LA VISITA # 2 | L46: DIAGNÓSTICO OBJETO DE LA VISITA # 3
B47: Identifique la anomalía principal a corregir luego de hacer el respectivo diagnóstico | G47: Identifique la anomalía adicional a corregir luego de hacer el respectivo diagnóstico | L47: Identifique la anomalía adicional a corregir luego de hacer el respectivo diagnóstico
B63: DIAGNÓSTICO OBJETO DE LA VISITA # 4 | G63: DIAGNÓSTICO OBJETO DE LA VISITA # 5 | L63: DIAGNÓSTICO OBJETO DE LA VISITA # 6
B64: Identifique la anomalía adicional a corregir luego de hacer el respectivo diagnóstico | G64: Identifique la anomalía adicional a corregir luego de hacer el respectivo diagnóstico | L64: Identifique la anomalía adicional a corregir luego de hacer el respectivo diagnóstico
B80: DIAGNÓSTICO OBJETO DE LA VISITA # 7 | G80: DIAGNÓSTICO OBJETO DE LA VISITA # 8 | L80: DIAGNÓSTICO OBJETO DE LA VISITA # 9
B81: Identifique la anomalía adicional a corregir luego de hacer el respectivo diagnóstico | G81: Identifique la anomalía adicional a corregir luego de hacer el respectivo diagnóstico | L81: Identifique la anomalía adicional a corregir luego de hacer el respectivo diagnóstico
B97: DIAGNÓSTICO OBJETO DE LA VISITA # 10 | G97: DIAGNÓSTICO OBJETO DE LA VISITA # 11 | L97: DIAGNÓSTICO OBJETO DE LA VISITA # 12
B98: Identifique la anomalía adicional a corregir luego de hacer el respectivo diagnóstico | G98: Identifique la anomalía adicional a corregir luego de hacer el respectivo diagnóstico | L98: Identifique la anomalía adicional a corregir luego de hacer el respectivo diagnóstico
B114: 12. OBSERVACIONES

Sheet ETIQUETA_RE_FOTOGRÁFICO
C2: ETIQUETA QUE DEBE CONTENER CADA UNA DE LAS FOTOS TOMADAS EN LA ZONA DIGITAL A VERIFICAR
C4: ID BENEFICIARIO
C5: SEDE EDUCATIVA O CASO ESPECIAL
C6: COORDENADAS
C7: FECHA

Sheet Control de cambios
A1: Versión | B1: Fecha cambio | C1: Cambio realizado
A2: 0 | B2: 45547 | C2: Versión Inicial
C3: Revisado | D3: Aprobado
C4: Gerente Operación centros digitales Vivian Cañon | D4: Gerente Operación centros digitales Vivian Cañon
