Workbook
Name _OP1: #REF!
Name ACCION: #REF!
Name ALTO: #REF!
Name AUTO: #REF!
Name AUTONOMIA: #REF!
Name BAJO: #REF!
Name CALIFICACION: #REF!
Name DO: #REF!
Name DOCUMENTACION: #REF!
Name EC: #REF!
Name ECONOMIA: #REF!
Name EF: #REF!
Name EFECTIVIDAD: #REF!
Name EFECTIVO: #REF!
Name EFICACIA: #REF!
Name ESCALA: #REF!
Name EVALUACION: #REF!
Name EX: #REF!
Name EXISTENCIA: #REF!
Name IMPACTO: #REF!
Name Impactocualitat: '[1]Soporte Calificación'!#REF!
Name Impactocualitativo: '[1]Soporte Calificación'!#REF!
Name Impactocuantita: '[1]Soporte Calificación'!#REF!
Name Impactocuantitativo: '[1]Soporte Calificación'!#REF!
Name MEDIO: #REF!
Name MO: #REF!
Name MONITOREO: #REF!
Name OP: #REF!
Name OPORTUNIDA: #REF!
Name OPORTUNIDAD: #REF!
Name PROBABILIDAD: #REF!

Sheet ACTA ACTIVIDADES
B2: FORMATO NOTIFICACIÓN DE MANTENIMIENTO CORRECTIVO DEL CONTRATISTA | N2: MTIC-F40
B9: N° DE CASO: | G9: FECHA:
B11: CONTRATO No. | F11: CONTRATISTA
B12: 1042 de 2020 | F12: COMCEL SA
B13: DEPARTAMENTO | F13: MUNICIPIO | K13: CENTRO POBLADO | N13: SEDE INSTITUCIÓN EDUCATIVA O CASO ESPECIAL
B15: ID BENEFICIARIO | F15: NOMBRE DEL RESPONSABLE (RESPONSABLE DE LA INSTITUCIÓN EDUCATIVA / AUTORIDAD COMPETENTE) | K15: NÚMERO DE CEDULA | N15: NÚMERO DE CONTACTO
B17: CORREO ELECTRÓNICO
B19: 2. EQUIPOS INSTALADOS/RETIRADOS
B20: SAP | C20: Descripción | K20: Cantidad Retirado | N20: Cantidad Instalado
B21: 4059967 | C21: ACCES-POINT PL-E410X00A-RW INDOOR CBNW
B22: 4059968 | C22: ACCES-POINT PL-E510X00A-RW OUTDOOR CBNW
B23: 4059966 | C23: ROUTER RB960PGS 800MHZ CPU128MB RAM MKTK
B24: 4060070 | C24: FUENTE PODER 48V 0.7A PW PLUG MKTK
B25: 4059979 | C25: UPS 9PX1500RT 1500VA/1350W 120VAC EATO
B26: 4060271 | C26: BATERIA YDC9602S-RT LITIO LIFEPO4 KSTR
B27: 4059953 | C27: PDU PSC3-5/1000PV T2+3 IR CPT
B28: 4059959 | C28: UPS 010-150120 ONLINE 360VA/360W UNPW
B29: 4059960 | C29: MODULO 060-81110M MONIT STACK SNMP UNPW
B30: 4059962 | C30: PDU 160-170TVS SUP TRANSIENTE UC=175V GP
B31: 4059961 | C31: BATERIA 020-48025LF LITIO 25AH48V TAFL
B32: 4060279 | C32: NVERSOR PHOENIX 250VA NEMA 5-15R VCTR
... B58: 4060273 | C58: BATERIA LFP48V30AH LITIO LIFEPO4 UPSN
B59: SERIAL EQUIPO/S RETIRADOS E INSTALADOS
B60: SERIAL EQUIPO/S RETIRADOS | J60: SERIAL EQUIPO/S INSTALADOS
B61: SAP | C61: Descripción | F61: SERIAL EQUIPO | J61: SAP | K61: Descripción | N61: SERIAL EQUIPO
Q62: |
C64: =VLOOKUP($B64,$B$21:$J$58,2,FALSE) -> #N/A | K64: =VLOOKUP($J64,$B$21:$J$58,2,FALSE) -> #N/A
C65: =VLOOKUP($B65,$B$21:$J$58,2,FALSE) -> #N/A | K65: =VLOOKUP($J65,$B$21:$J$58,2,FALSE) -> #N/A
C66: =VLOOKUP($B66,$B$21:$J$58,2,FALSE) -> #N/A | K66: =VLOOKUP($J66,$B$21:$J$58,2,FALSE) -> #N/A
B68: 3. DESCRIPCIÓN DE LA FALLA / HALLAZGOS
B70: 4. DECLARACIÓN
B71: DATOS DE QUIEN ACOMPAÑA EN EL CENTRO DIGITAL (RECTOR, DOCENTE, AUTORIDAD COMPETENTE) | J71: DATOS DE QUIEN REPARA EL SERVICIO EN EL CENTRO DIGITAL
B72: NOMBRES Y APELLIDOS: | J72: NOMBRES Y APELLIDOS:
B73: CARGO: | J73: CARGO:
B74: NÚMERO DE CEDULA: | J74: NÚMERO DE CEDULA:
B75: NÚMERO DE TELÉFONO O CELULAR 1: | J75: NÚMERO DE TELÉFONO O CELULAR:
B76: NÚMERO DE TELÉFONO O CELULAR 2: | J76: CORREO ELECTRÓNICO:
B77: CORREO ELECTRÓNICO: | J77: FIRMA:

Sheet REG FOTOG PRUEBAS NECESARIAS
F1: 10403770
B2: FORMATO NOTIFICACIÓN DE MANTENIMIENTO CORRECTIVO DEL CONTRATISTA | N2: MTIC-F40
B10: 5. REGISTRO FOTOGRÁFICO
B11: COORDENADAS GEOGRÁFICAS | G11: EQUIPOS WIFI INTERIOR | L11: EQUIPOS WIFI EXTERIOR 1 (AP 1)
B12: Actualice LONGITUD / LATITUD | E12: 10.375367 | F12: 73.774123 | G12: Registro fotográfico de Access Point Interno | L12: Registro fotográfico de Access Point Externo AP1
B13: Captura de las coordenadas geográficas arrojadas por GPS con mínimo 5 cifras decimales
B28: EQUIPOS WIFI EXTERIOR 2 (AP2) SI APLICA | G28: EQUIPOS DE COMPUTO DE LA SEDE CONECTADOS A INTERNET | L28: DISPOSITIVO MÓVIL CONECTADO AL PUNTO DE ACCESO INALÁMBRICO EXTERIOR DEL CENTRO DIGITAL
G29: Registro fotográfico de los equipos de computo de la sede conectados al punto de acceso inalámbrico WIFI interior del centro digital, con acceso a internet (ejemplo ping a una pagina o servidor, navegación en paginas como las de un diario digital nacional, donde se evidencie la fechas), entre otras); sugerencia evidenciar que se esta conectado a la señal wifi del Centro Digital. | L29: Registro fotográfico o captura de pantalla de un equipo móvil conectado a la red wifi exterior del centro digital, collage de imágenes donde se evidencie contexto y la segunda evidencie la navegación
B45: SEÑALÉTICA EXTERIOR | G45: SOLUCIÓN DE RESPALDO (4 HORAS) SI APLICA | L45: SEÑALÉTICA INTERIOR
B46: Registro fotográfico de la señalización exterior | G46: Registro fotográfico de la señalización interior | L46: Registro fotográfico de la solución de respaldo, Aplica siempre y cuando no se instale una solución alternativa
B62: PRINT DE SERVIDOR TRIARA CON EVENTO CREADO A UPS | G62: MEDICIÓN ELÉCTRICA 1 | L62: MEDICIÓN ELÉCTRICA 2
G63: Si existen variaciones o irregularidades en el suministro eléctrico se debe describir en el campo #3 3. DESCRIIPCIÓN DE LA FALLA
B79: NAVEGACIÓN AP INDOOR | G79: NAVEGACIÓN AP OUTDOOR | L79: PRUEBA DE VELOCIDAD
B80: Navegación equipos de computo conectados al AP Indoor - ping www.google.com /n 100 - https://www.whatismyip.com/my-ip-information/?iref=homegb - http://horalegal.inm.gov.co/ | G80: Navegación equipos de computo conectados al AP Outdoor - @ - https://www.whatismyip.com/my-ip-information/?iref=homegb - http://horalegal.inm.gov.co/
B96: CONECTIVIDAD PORTAL CAUTIVO | G96: BLOQUEO DE PÁGINAS | L96: BLOQUEO DE PÁGINAS
G97: Bloqueo de paginas pornografía: tomar 2 URL de la lista, ejemplo -http://furl.telmexla.net.co/dignidad.php -http://furl.telmexla.net.co/dignidad.php | L97: Bloqueo de paginas pornografía: tomar 2 URL de la lista, ejemplo -http://furl.telmexla.net.co/dignidad.php -http://furl.telmexla.net.co/dignidad.php
B113: 6. OBSERVACIONES

Sheet REGISTRO FOTOGRÁFICO ANTES
B2: FORMATO NOTIFICACIÓN DE MANTENIMIENTO CORRECTIVO DEL CONTRATISTA | N2: MTIC-F40
B10: 7. REGISTRE ACA LA FOTO DEL SERIAL DE LOS REPUESTOS QUE VA A RETIRAR
B11: SERIAL DEL REPUESTO A RETIRAR # 1 | G11: SERIAL DEL REPUESTO A RETIRAR # 2 | L11: SERIAL DEL REPUESTO A RETIRAR # 3
B12: COD. SAP | D12: 4059979 | G12: COD. SAP | L12: COD. SAP
B13: Descripción | D13: UPS 9PX1500RT 1500VA/1350W 120VAC EATON | G13: Descripción | L13: Descripción | N13: =VLOOKUP(N12,'ACTA ACTIVIDADES'!$B$21:$J$58,2,FALSE) -> #N/A
B14: =D13 -> UPS 9PX1500RT 1500VA/1350W 120VAC EATON | G14: =I13 -> 0 | L14: =N13 -> #N/A
B28: SERIAL DEL REPUESTO A RETIRAR # 4 | G28: SERIAL DEL REPUESTO A RETIRAR # 5 | L28: SERIAL DEL REPUESTO A RETIRAR # 6
B29: COD. SAP | G29: COD. SAP | L29: COD. SAP | N29: Registre aca si no encuentra
B30: Descripción | G30: Descripción | I30: =VLOOKUP(I29,'ACTA ACTIVIDADES'!$B$21:$J$58,2,FALSE) -> #N/A | L30: Descripción | N30: Registre aca si no encuentra
B31: =D30 -> 0 | G31: =I30 -> #N/A | L31: =N30 -> Registre aca si no encuentra
B45: 8. REGISTRO FOTOGRÁFICO OBJETIVO DE LA VISITA
B46: DIAGNÓSTICO OBJETO DE LA VISITA # 1 | G46: DIAGNÓSTICO OBJETO DE LA VISITA # 2 | L46: DIAGNÓSTICO OBJETO DE LA VISITA # 3
B47: Identifique la anomalía principal a corregir luego de hacer el respectivo diagnóstico | G47: Identifique la anomalía adicional a corregir luego de hacer el respectivo diagnóstico | L47: Identifique la anomalía adicional a corregir luego de hacer el respectivo diagnóstico
B63: DIAGNÓSTICO OBJETO DE LA VISITA # 4 | G63: DIAGNÓSTICO OBJETO DE LA VISITA # 5 | L63: DIAGNÓSTICO OBJETO DE LA VISITA # 6
B64: Identifique la anomalía adicional a corregir luego de hacer el respectivo diagnóstico | G64: Identifique la anomalía adicional a corregir luego de hacer el respectivo diagnóstico | L64: Identifique la anomalía adicional a corregir luego de hacer el respectivo diagnóstico
B80: DIAGNÓSTICO OBJETO DE LA VISITA # 7 | G80: DIAGNÓSTICO OBJETO DE LA VISITA # 8 | L80: DIAGNÓSTICO OBJETO DE LA VISITA # 9
B81: Identifique la anomalía adicional a corregir luego de hacer el respectivo diagnóstico | G81: Identifique la anomalía adicional a corregir luego de hacer el respectivo diagnóstico | L81: Identifique la anomalía adicional a corregir luego de hacer el respectivo diagnóstico
B97: DIAGNÓSTICO OBJETO DE LA VISITA # 10 | G97: DIAGNÓSTICO OBJETO DE LA VISITA # 11 | L97: DIAGNÓSTICO OBJETO DE LA VISITA # 12
B98: Identifique la anomalía adicional a corregir luego de hacer el respectivo diagnóstico | G98: Identifique la anomalía adicional a corregir luego de hacer el respectivo diagnóstico | L98: Identifique la anomalía adicional a corregir luego de hacer el respectivo diagnóstico
B114: 9. OBSERVACIONES

Sheet REGISTRO FOTOGRÁFICO DESPÚES
B2: FORMATO NOTIFICACIÓN DE MANTENIMIENTO CORRECTIVO DEL CONTRATISTA | N2: MTIC-F40
B10: 10. REGISTRE ACA LA FOTO DEL SERIAL DE LOS REPUESTOS QUE INSTALÓ DURANTE EL MANTENIMIENTO
B11: SERIAL DEL REPUESTO INSTALADO # 1 | G11: SERIAL DEL REPUESTO INSTALADO # 2 | L11: SERIAL DEL REPUESTO INSTALADO # 3
B12: COD. SAP | D12: 4059959 | G12: COD. SAP | L12: COD. SAP | N12: ='REGISTRO FOTOGRÁFICO ANTES'!N12 -> 0
B13: Descripción | D13: UPS 010-150120 ONLINE 360VA/360W UNPW | G13: Descripción | L13: Descripción | N13: =VLOOKUP(N12,'ACTA ACTIVIDADES'!$B$21:$J$58,2,FALSE) -> #N/A
B14: =D13 -> UPS 010-150120 ONLINE 360VA/360W UNPW | G14: =I13 -> 0 | L14: =N13 -> #N/A
B28: SERIAL DEL REPUESTO INSTALADO # 4 | G28: SERIAL DEL REPUESTO INSTALADO # 5 | L28: SERIAL DEL REPUESTO INSTALADO # 6
B29: COD. SAP | G29: COD. SAP | I29: ='REGISTRO FOTOGRÁFICO ANTES'!I29 -> 0 | L29: COD. SAP | N29: ='REGISTRO FOTOGRÁFICO ANTES'!N29 -> Registre aca si no encuentra
B30: Descripción | G30: Descripción | I30: =VLOOKUP(I29,'ACTA ACTIVIDADES'!$B$21:$J$58,2,FALSE) -> #N/A | L30: Descripción | N30: ='REGISTRO FOTOGRÁFICO ANTES'!N30 -> Registre aca si no encuentra
B31: =D30 -> 0 | G31: =I30 -> #N/A | L31: =N30 -> Registre aca si no encuentra
B45: 11. REGISTRO FOTOGRÁFICO OBJETIVO DE LA VISITA
B46: DIAGNÓSTICO OBJETO DE LA VISITA # 1 | G46: DIAGNÓSTICO OBJETO DE LA VISITA # 2 | L46: DIAGNÓSTICO OBJETO DE LA VISITA # 3
B47: Identifique la anomalía principal a corregir luego de hacer el respectivo diagnóstico | G47: Identifique la anomalía adicional a corregir luego de hacer el respectivo diagnóstico | L47: Identifique la anomalía adicional a corregir luego de hacer el respectivo diagnóstico
B63: DIAGNÓSTICO OBJETO DE LA VISITA # 4 | G63: DIAGNÓSTICO OBJETO DE LA VISITA # 5 | L63: DIAGNÓSTICO OBJETO DE LA VISITA # 6
B64: Identifique la anomalía adicional a corregir luego de hacer el respectivo diagnóstico | G64: Identifique la anomalía adicional a corregir luego de hacer el respectivo diagnóstico | L64: Identifique la anomalía adicional a corregir luego de hacer el respectivo diagnóstico
B80: DIAGNÓSTICO OBJETO DE LA VISITA # 7 | G80: DIAGNÓSTICO OBJETO DE LA VISITA # 8 | L80: DIAGNÓSTICO OBJETO DE LA VISITA # 9
B81: Identifique la anomalía adicional a corregir luego de hacer el respectivo diagnóstico | G81: Identifique la anomalía adicional a corregir luego de hacer el respectivo diagnóstico | L81: Identifique la anomalía adicional a corregir luego de hacer el respectivo diagnóstico
B97: DIAGNÓSTICO OBJETO DE LA VISITA # 10 | G97: DIAGNÓSTICO OBJETO DE LA VISITA # 11 | L97: DIAGNÓSTICO OBJETO DE LA VISITA # 12
B98: Identifique la anomalía adicional a corregir luego de hacer el respectivo diagnóstico | G98: Identifique la anomalía adicional a corregir luego de hacer el respectivo diagnóstico | L98: Identifique la anomalía adicional a corregir luego de hacer el respectivo diagnóstico
B114: 12. OBSERVACIONES
B115: Se reemplaza UPS con falla en tarjeta de RED y se soluciona la falla.

Sheet ETIQUETA_RE_FOTOGRÁFICO
C2: ETIQUETA QUE DEBE CONTENER CADA UNA DE LAS FOTOS TOMADAS EN LA ZONA DIGITAL A VERIFICAR
C4: ID BENEFICIARIO | D4: 30124
C5: SEDE EDUCATIVA O CASO ESPECIAL | D5: CE MARQUETALIA
C6: COORDENADAS | D6: 10.375367 | E6: 73.774123
C7: FECHA | D7: 12/13/2026

Sheet Control de cambios
A1: Versión | B1: Fecha cambio | C1: Cambio realizado
A2: 0 | B2: 45547 | C2: Versión Inicial
C3: Revisado | D3: Aprobado
C4: Gerente Operación centros digitales Vivian Cañon | D4: Gerente Operación centros digitales Vivian Cañon
